English,German,French,Italian
Abandoned landslide,Abgeschlossene Rutschung,Glissement de terrain naturellement stabilisé,
Accumulation,Akkumulation,Accumulation,
Active landslide,Aktive Rutschung,Glissement de terrain actif,
Advancing landslide,Fortschreitende Rutschung,Glissement de terrain en extension avale,
avalanche,Lawine,Avalanche,Valanga
Canopy density,Deckungsgrad,Degré de recouvrement,Grado di copertura
Capacity of infiltration,Infiltrationskapazität,Capacité d’infiltration,Capacità d’assorbimento
Channel,Gerinne,Lit et berges proches d’un cours d’eau,Corso d’acqua
Climax tree species,Klimaxbaumart,Essence climacique,Specie climax
Clump,Rotten,Troche,Collettivi
Complex landslide,Komplexe Rutschung,Glissement de terrain complexe,
Composite landslide,Zusammengesetzte Rutschung,Glissement de terrain composé,
Compression bulge,Stauchwulst,Bourrelet de compression,Rigonfiamento
Confined landslide,Beschränkt ausgebildete Rutschung,Glissement de terrain contenu,
Crown,Krone,Couronne,
Crown closure,Schlussgrad,Degré de fermeture,Grado di chiusura
debris flow,Murgang,Lave torrentielle,Colata di fango
Debris jamming; clogging,Verklausung,Occlusion,Serra
Dense,Gedrängt,Comprimé,Chiuso
Depleted mass,Sackungsmasse,Masse affaissée,
Depletion,Sackungsraum,Dépression,
Depth hoar,Schwimmschnee,Neige coulante,Neve slittante
Depth of displaced mass,Mächtigkeit der Rutschmasse,Profondeur de la masse déplacée,
Depth of rupture surface,Tiefe der Gleitfläche,Profondeur de la surface de rupture,
Diminishing landslide,Sich verkleinernde Rutschung,Glissement de terrain en régression,
Displaced material,Verlagertes Material,Matériau déplacé,
Dormant landslide,Latente Rutschung,Glissement de terrain latent,
Edge of large failure,Grossbruchrand,Zone principale d’arrachement,Orlo di stacco
Effect,Wirkung,Effet,Effetto
Effect analysis,Wirkungsanalyse,Analyse des effets,Analisi dell’effetto
Effectiveness,Effektivität (Wirksamkeit),Efficacité,Efficacia
Enlarging landslide,Sich vergrößernde Rutschung,Glissement de terrain en extension multi-directionnelle,
erosion,Erosion,Érosion,Erosione
Established new growth,Aufwuchs,Rajeunissement établi,Crescita
Fall,Fallen,Éboulement,
Flank,Flanke,Flanc,
Flow,Fließen,Écoulement,
Foot,Fuß; Rutschungszunge,Pied,
Forest stand,Bestand,Peuplement,Popolamento
Forest stand map,Bestandeskarte,Carte des peuplements,Carta dei popolamenti
Forest type,Waldtyp,Type de forêt,Tipologia forestale
Gap,Lücke,Trouée,"Apertura, chiome"
Gapped,Räumig,Espacé,Aperto
Growth habit in light,Lichthabitus,Type «lumière»,Portamento eliofilo
Growth habit in shade,Schattenhabitus,Type «ombre»,Portamento sciafilo
Hazard reference map,Gefahrenhinweiskarte,Carte synoptique des dangers,Carta indicativa dei pericoli naturali
Hazard zone map,Gefahrenkarte,Carte des dangers,Carta dei pericoli naturali
Head,Kopf,Tête,
High water,Hochwasser,Crue,Piena
Inactive landslide,Inaktive Rutschung,Glissement de terrain inactif,
Indicator plant species,Zeigerpflanzen,Plante indicatrice,Pianta indicatrice
Infiltration,Infiltration,Infiltration,Infiltrazione
Initial new growth,Anwuchs,Recrû initial,Attecchimento
Intensity of browsing,Verbissintensität,Intensité de l’abroutissement,Intensità della brucatura
landslide,Rutschung,Glissement de terrain,Frana
Landslide scar,Ausbruchnische,Niche d’arrachement,Zona di stacco
Length of displaced mass,Länge der Rutschmasse,Longueur de la masse déplacée,
Length of rupture surface,Gleitflächenlänge,Longueur de la surface de rupture,
Light-demanding tree species,Lichtbaumart,Essence de lumière,Specie eliofila
Loose snow avalanche,Lockerschneelawine,Avalanche de neige meuble,Valanga di neve a debole coesione
Main body,Hauptrutschkörper,Corps,
Main scarp,Hauptabriss,Escarpement principal,
Map of phenomena,Karte der Phänomene,Carte des phénomènes ou des aléas,Carta dei fenomeni
Map of structure types,Strukturtypenkarte,Carte des types de structure,Carta dei popolamenti secondo la struttura
Middle-aged timber,Mittleres Baumholz,Futaie moyenne,Fustaia adulta
Minimal effective diameter,Mindestdurchmesser; Wirksamer Mindestdurchmesser,Diamètre minimal efficace; Diamètre minimal encore efficace,Diametro minimo utile
Minor scarp,Sekundärabriss,Escarpement secondaire,
Mountain selection forest,Gebirgsplenterwald,Forêt jardinée de montagne,Bosco disetaneo di montagna
Moving landslide,Sich fortsetzende Rutschung,Glissement de terrain en mouvement,
Multiple landslide,Mehrfachrutschung,Glissement de terrain multiple,
Natural forest,Naturwald,Forêt naturelle,Bosco naturale
Natural hazards,Naturgefahren,Dangers naturels,Pericoli naturali
Old timber,Starkes Baumholz,Vieille futaie,Fustaia matura
Open,Locker,Entrouvert,Leggero
Original ground surface,Ursprüngliche Geländeoberfläche,Surface topographique originale,
Particular forest site,Sonderwaldstandort,Station forestière particulière,Stazione particolare
Permanent tree species,Dauerwaldbaumart,Essence pionnière pérenne,Specie del bosco permanente
Pioneer tree species,Pionierbaumart,Essence pionnière,Specie pioniera
Powder avalanche,Staublawine,Avalanche poudreuse,Valanga di neve polverosa
Reactivated landslide,Reaktivierte Rutschung,Glissement de terrain réactivé,
Regeneration,Verjüngung,Rajeunissement,Rinnovazione
Register of events,Ereigniskataster,Cadastre des phénomènes ou des aléas,Catasto degli eventi
Relict landslide,Fossile Rutschung,Glissement de terrain ancien,
Requirements specification,Anforderungsprofil,Profil d’exigences,Profilo richiesto
Retrogressive landslide,Rückschreitende Rutschung,Glissement de terrain rétrogressif,
Rock fall process,Steinschlagprozess,Chutes de pierres,Caduta sassi
Roots under tension,Gespannte Wurzeln,Racines sous tension,Radici sotto tensione
Sabre-like growth habit,Säbelwuchs,Croissance en forme de sabre,Sciabolatura
Scattered,Aufgelöst,clairiéré,Rado
Seeding,Ansamung,Semis,Sementazione
Seepage water,Sickerwasser,Eau d’infiltration,Acqua d’infiltrazione
Shade tolerant tree species,Schattenbaumart,Essence d’ombre,Specie sciafila
Single landslide,Einzelrutschung,Glissement de terrain simple,
Site,Standort,Station,Stazione reale
Slide,Gleiten,Glissement,
Sliding horizon,Rutschhorizont,Horizon de glissement,Orizzonte di scorrimento
Slope debris flow,Hangmure,Coulée de boue,Colata di fango di versante
Slope water,Hangwasser,Eau de pente,Acqua di versante
Small groups,Kleinkollektive,Petits collectifs,Microcollettivi
Smouldering fire,Schwellfeuer,Feu couvant,Fuoco latente
Snow creep,Schneekriechen,Reptation du manteau neigeux,Reptazione della neve
Snow glide,Schneegleiten,Glissement du manteau neigeux,Scivolamento della neve
Snow settlement,Schneesetzung,Tassement de la neige,Addensamento della neve
Snow slab,Schneebrett,Plaque de neige,Lastrone di neve
Spread,Driften,Étalement,
Stabilized landslide,Stabilisierte Rutschung,Glissement de terrain artificiellement stabilisé,
Stabilizing elements,Stabilitätsträger,Éléments stabilisateurs,Alberi stabili
Stage of development,Entwicklungsstufe,Stade de développement,Stadio di sviluppo
Storage capacity,Speicherkapazität,Capacité de stockage,Capacità d’immagazzinamento
Substrate favourable to broadleaves,Laubholzfördernde Unterlage,Substrat favorable aux feuillus,Substrato favorevole alle latifoglie
Successive landslide,Sukzessive Rutschung,Glissement de terrain successif,
Supporting tree,Gerüstbäume,Arbres formant la «charpente» du peuplement,Alberi singoli robusti
Surface erosion,Oberflächenerosion,Érosion de superficielle,Erosione superficiale
Surface fire,Lauffeuer,Feu de surface,Fuoco radente (di superficie)
Surface hoar frost,Oberflächenreif,Givre de surface,Brina superficiale
Surface of rupture,Gleitfläche,Surface de rupture,
Surface of separation,Überschiebungsfläche,Surface de séparation,
Surface run-off,Oberflächenabfluss,Écoulement des eaux de surface,Deflusso superficiale
Suspended landslide,Blockierte Rutschung,Glissement en suspens,
Target diameter,Zieldurchmesser,"Diamètre final visé (diamètre-cible, diamètre d’exploitabilité)",Diametro per l’utilizzazione
Thicket,Dickung,Fourré,Spessina
Timber,Baumholz,Futaie,Fustaia
Tip,Fußspitze,Extrémité aval,
Toe,Front,Front,
Toe of surface of rupture,Gleitflächenfront,Pied de la surface de rupture,
Top,Top,Sommet,
Topple,Kippen,Basculement,
Torrent,Wildbach,Torrent,Torrente
Total length,Gesamtlänge,Longueur totale,
Trees with development potential,Entwicklungsfähige Bäume,Arbre à potentiel de développement,Alberi con capacità di sviluppo
Type of mixture,Mischungsform,Forme de mélange,Forma di mescolanza
Type of site,Standortstyp,Type de station,Stazione (tipo)
Type of treatment,Behandlungstyp,Type de traitement,Unità di trattamento
Underground fire,Erdfeuer,Feu de sol (feu souterrain),Fuoco sotterraneo
Urgency,Dringlichkeit,Urgence,Urgenza
Variation of DBH,BHD-Streuung,Répartition des DHP,Distribuzione dei DPU
Vegetation competition,Vegetationskonkurrenz,Concurrence de la végétation,Concorrenza della vegetazione
Water retention,Wasserrückhalt,Retenue d’eau,Ritenuta idrica
Wet snow avalanche,Gleitschneelawine,Avalanche de neige sans cohésion,Valanga con colata
Widening landslide,Sich ausweitende Rutschung,Glissement de terrain en extension latérale,
Width of displaced mass,Breite der Rutschmasse,Largeur de la masse déplacée,
Width of rupture surface,Breite der Gleitfläche,Largeur de la surface de rupture,
Young growth,Jungwuchs,Rajeunissement,Novellame
Young timber,Schwaches Baumholz,Jeune futaie,Fustaia giovane
Zone of accumulation,Akkumulationszone,Zone d'accumulation,
Zone of depletion,Sackungszone,Zone d'affaissement,
,hydrologische Daten,,
,meteorologische Bedingungen,,
,Rutschungsrisse,,
,Schäden,,
,Wirkungsbereiche,,
